column,dtype,pct_missing,is_text_column,n_unique,description,drop_reasons
acc_now_delinq,float64,0.0,False,0,The number of accounts on which the borrower is now delinquent.,
acc_open_past_24mths,float64,3.83,False,0,Number of trades opened in past 24 months.,
addr_state,str,0.0,True,51,The state provided by the borrower in the loan application,
all_util,float64,61.76,False,0,Balance to credit limit on all trades,
annual_inc,float64,0.0,False,0,The self-reported annual income provided by the borrower during registration.,
application_type,str,0.0,True,2,Indicates whether the loan is an individual application or a joint application with two co-borrowers,
avg_cur_bal,float64,5.38,False,0,Average current balance of all accounts,
bc_open_to_buy,float64,4.85,False,0,Total open to buy on revolving bankcards.,
bc_util,float64,4.91,False,0,Ratio of total current balance to high credit/credit limit for all bankcard accounts.,
chargeoff_within_12_mths,float64,0.01,False,0,Number of charge-offs within 12 months,
collections_12_mths_ex_med,float64,0.01,False,0,Number of collections in 12 months excluding medical collections,
delinq_2yrs,float64,0.0,False,0,The number of 30+ days past-due incidences of delinquency in the borrower's credit file for the past 2 years,
delinq_amnt,float64,0.0,False,0,The past-due amount owed for the accounts on which the borrower is now delinquent.,
disbursement_method,str,0.0,True,2,"The method by which the borrower receives their loan. Possible values are: CASH, DIRECT_PAY",
dti,float64,0.02,False,0,"A ratio calculated using the borrower’s total monthly debt payments on the total debt obligations, excluding mortgage and the requested LC loan, divided by the borrower’s self-reported monthly income.",
emp_length,str,5.78,True,11,Employment length in years. Possible values are between 0 and 10 where 0 means less than one year and 10 means ten or more years.,
funded_amnt,int64,0.0,False,0,The total amount committed to that loan at that point in time.,
funded_amnt_inv,float64,0.0,False,0,The total amount committed by investors for that loan at that point in time.,
grade,str,0.0,True,7,LC assigned loan grade,
home_ownership,str,0.0,True,6,"The home ownership status provided by the borrower during registration or obtained from the credit report. Our values are: RENT, OWN, MORTGAGE, OTHER",
il_util,float64,66.88,False,0,Ratio of total current balance to high credit/credit limit on all install acct,
initial_list_status,str,0.0,True,2,"The initial listing status of the loan. Possible values are – W, F",
inq_fi,float64,61.76,False,0,Number of personal finance inquiries,
inq_last_12m,float64,61.76,False,0,Number of credit inquiries in past 12 months,
inq_last_6mths,float64,0.0,False,0,The number of inquiries in past 6 months (excluding auto and mortgage inquiries),
installment,float64,0.0,False,0,The monthly payment owed by the borrower if the loan originates.,
int_rate,float64,0.0,False,0,Interest Rate on the loan,
issue_d,datetime64[us],0.0,False,0,The month which the loan was funded,
loan_amnt,int64,0.0,False,0,"The listed amount of the loan applied for by the borrower. If at some point in time, the credit department reduces the loan amount, then it will be reflected in this value.",
max_bal_bc,float64,61.76,False,0,Maximum current balance owed on all revolving accounts,
mo_sin_old_il_acct,float64,8.19,False,0,Months since oldest bank installment account opened,
mo_sin_old_rev_tl_op,float64,5.38,False,0,Months since oldest revolving account opened,
mo_sin_rcnt_rev_tl_op,float64,5.38,False,0,Months since most recent revolving account opened,
mo_sin_rcnt_tl,float64,5.38,False,0,Months since most recent account opened,
mort_acc,float64,3.83,False,0,Number of mortgage accounts.,
mths_since_last_delinq,float64,50.45,False,0,The number of months since the borrower's last delinquency.,
mths_since_last_major_derog,float64,73.79,False,0,Months since most recent 90-day or worse rating,
mths_since_last_record,float64,82.96,False,0,The number of months since the last public record.,
mths_since_rcnt_il,float64,62.76,False,0,Months since most recent installment accounts opened,
mths_since_recent_bc,float64,4.78,False,0,Months since most recent bankcard account opened.,
mths_since_recent_bc_dlq,float64,76.34,False,0,Months since most recent bankcard delinquency,
mths_since_recent_inq,float64,13.19,False,0,Months since most recent inquiry.,
mths_since_recent_revol_delinq,float64,66.64,False,0,Months since most recent revolving delinquency.,
num_accts_ever_120_pd,float64,5.38,False,0,Number of accounts ever 120 or more days past due,
num_actv_bc_tl,float64,5.38,False,0,Number of currently active bankcard accounts,
num_actv_rev_tl,float64,5.38,False,0,Number of currently active revolving trades,
num_bc_sats,float64,4.48,False,0,Number of satisfactory bankcard accounts,
num_bc_tl,float64,5.38,False,0,Number of bankcard accounts,
num_il_tl,float64,5.38,False,0,Number of installment accounts,
num_op_rev_tl,float64,5.38,False,0,Number of open revolving accounts,
num_rev_accts,float64,5.38,False,0,Number of revolving accounts,
num_rev_tl_bal_gt_0,float64,5.38,False,0,Number of revolving trades with balance >0,
num_sats,float64,4.48,False,0,Number of satisfactory accounts,
num_tl_120dpd_2m,float64,9.06,False,0,Number of accounts currently 120 days past due (updated in past 2 months),
num_tl_30dpd,float64,5.38,False,0,Number of accounts currently 30 days past due (updated in past 2 months),
num_tl_90g_dpd_24m,float64,5.38,False,0,Number of accounts 90 or more days past due in last 24 months,
num_tl_op_past_12m,float64,5.38,False,0,Number of accounts opened in past 12 months,
open_acc,float64,0.0,False,0,The number of open credit lines in the borrower's credit file.,
open_acc_6m,float64,61.76,False,0,Number of open trades in last 6 months,
open_act_il,float64,61.76,False,0,Number of currently active installment trades,
open_il_12m,float64,61.76,False,0,Number of installment accounts opened in past 12 months,
open_il_24m,float64,61.76,False,0,Number of installment accounts opened in past 24 months,
open_rv_12m,float64,61.76,False,0,Number of revolving trades opened in past 12 months,
open_rv_24m,float64,61.76,False,0,Number of revolving trades opened in past 24 months,
pct_tl_nvr_dlq,float64,5.39,False,0,Percent of trades never delinquent,
percent_bc_gt_75,float64,4.88,False,0,Percentage of all bankcard accounts > 75% of limit.,
policy_code,int64,0.0,False,0,"publicly available policy_code=1
new products not publicly available policy_code=2",
pub_rec,float64,0.0,False,0,Number of derogatory public records,
pub_rec_bankruptcies,float64,0.1,False,0,Number of public record bankruptcies,
purpose,str,0.0,True,14,A category provided by the borrower for the loan request.,
revol_bal,int64,0.0,False,0,Total credit revolving balance,
revol_util,float64,0.07,False,0,"Revolving line utilization rate, or the amount of credit the borrower is using relative to all available revolving credit.",
sub_grade,str,0.0,True,35,LC assigned loan subgrade,
tax_liens,float64,0.01,False,0,Number of tax liens,
term,str,0.0,True,2,The number of payments on the loan. Values are in months and can be either 36 or 60.,
tot_coll_amt,float64,5.38,False,0,Total collection amounts ever owed,
tot_cur_bal,float64,5.38,False,0,Total current balance of all accounts,
tot_hi_cred_lim,float64,5.38,False,0,Total high credit/credit limit,
total_acc,float64,0.0,False,0,The total number of credit lines currently in the borrower's credit file,
total_bal_ex_mort,float64,3.83,False,0,Total credit balance excluding mortgage,
total_bal_il,float64,61.76,False,0,Total current balance of all installment accounts,
total_bc_limit,float64,3.83,False,0,Total bankcard high credit/credit limit,
total_cu_tl,float64,61.76,False,0,Number of finance trades,
total_il_high_credit_limit,float64,5.38,False,0,Total installment high credit/credit limit,
total_rev_hi_lim,float64,5.38,False,0,Total revolving high credit/credit limit,
verification_status,str,0.0,True,3,"Indicates if income was verified by LC, not verified, or if the income source was verified",
y,int64,0.0,False,0,,
